Start,End,Years,CAGR,Vol,Sharpe0,Sortino0,MDD,Calmar,Terminal,WorstRolling3yCAGR,MedianRolling3yCAGR,WorstRolling5yCAGR,MedianRolling5yCAGR,WorstRolling10yCAGR,MedianRolling10yCAGR,Variant
1985-11-30,2026-05-31,40.498288843258045,0.19446636117714533,0.20074567001665364,0.9909672624822555,1.5287054956732054,-0.43297128323778056,0.44914378552525774,1334.7866291431005,-0.14971366727214097,0.19740851972481832,-0.0508998746879078,0.19927838066326797,0.07814555203310869,0.2075781759581905,BASE
1985-11-30,2026-05-31,40.498288843258045,0.20391128842143424,0.21704643716772337,0.9681213490030078,1.6149287237663257,-0.4259271600226874,0.47874685523828236,1836.2795520242014,-0.11957660200415798,0.193990025853232,-0.031101178355460002,0.19459413121984015,0.037773153885165556,0.2054641561958932,NO_GATE
1985-11-30,2026-05-31,40.498288843258045,0.18833754155140547,0.2005560203267972,0.9657539966143172,1.4866200958729887,-0.43623697518168925,0.4317321828874418,1083.7631294271382,-0.15491478977687823,0.18918187047958712,-0.05599322442288335,0.19228952756763618,0.07417272626949156,0.19994961826906332,FIN_PLUS_100BP
1985-11-30,2026-05-31,40.498288843258045,0.1925879925346996,0.200758369012289,0.9829689391221212,1.5172430629717477,-0.4341788664035131,0.4435683250315412,1252.3670252178774,-0.15087275039537607,0.19618264239725203,-0.0524054955598402,0.1974406614978208,0.07603539838380224,0.20596564273005546,GOLD_DRAG_70BP
1985-11-30,2026-05-31,40.498288843258045,0.1888556164092654,0.19959131725046877,0.9715832542793779,1.5002245605518278,-0.4332032563272201,0.43595151617838557,1103.0635966066138,-0.15308675025917662,0.19284519393888022,-0.055384934834884825,0.19484019817546472,0.06967590163273463,0.205135371482432,MF_SCALE_75
1985-11-30,2026-05-31,40.498288843258045,0.199792551872922,0.2022782556092702,1.0073477391310233,1.55202068697806,-0.43277408336626055,0.4616555370387921,1598.321644843171,-0.14576778420927927,0.19877658987332192,-0.04603835358806685,0.20286183460258056,0.08494646691632757,0.20916124764162713,MF_SCALE_125
1985-11-30,2026-05-31,40.498288843258045,0.19311660072107784,0.2007523248631924,0.9852306464958346,1.5204226385621689,-0.43384087015340156,0.44513233769975113,1275.0457388246664,-0.15055201169131915,0.19652837880573248,-0.05198908803998825,0.19795458086269735,0.07664419984658677,0.2064175433251101,MF_FEE_150BP
1985-11-30,2026-05-31,40.498288843258045,0.1941111112318683,0.20164062872515504,0.985820649660932,1.5289802298287634,-0.4346610654940354,0.44658039709915537,1318.8035677882112,-0.15081547060211276,0.19440365899696943,-0.050757075077709324,0.19767818620093536,0.07560107229030999,0.2052804292149144,H60
1985-11-30,2026-05-31,40.498288843258045,0.19576267956983884,0.20082206383966344,0.9961406213532146,1.537105890094046,-0.43178782559383777,0.4533770244693825,1394.7276905792796,-0.1488824277057088,0.197852323629375,-0.050272838052536906,0.20037240506116316,0.08299502330388298,0.20767190809110214,H80
